{"train_batch": 79, "train_batch/loss": 31.806188583374023, "train_batch/bpp_total": 2.8555119037628174, "train_batch/mse": 0.021816276013851166, "_runtime": 362, "_timestamp": 1730107637, "_step": 180, "train_batch/bpp_progressive": 1.723130226135254, "train": 0, "train/loss": 125.153076171875, "train/bpp": 4.414200305938721, "train/mse": 0.0744125172495842, "train/bpp_progressive": 2.7929506301879883, "valid": 0, "valid/loss": 34.891685485839844, "valid/bpp": 0.8831639885902405, "valid/mse": 0.020466286689043045, "valid/psnr": 17.065660184740167, "test_base": 0, "test_base/bpp": 0.3960758149623871, "test_base/psnr": 18.335364950211666, "test_quality_0.01": 0, "test_quality_0.01/bpp": 0.3982487916946411, "test_quality_0.01/psnr": 16.78551817496168, "test_quality_0.5": 0, "test_quality_0.5/bpp": 0.4852641522884369, "test_quality_0.5/psnr": 17.886649144950713, "test_quality_0.1": 0, "test_quality_0.1/bpp": 0.41623827815055847, "test_quality_0.1/psnr": 16.98149685247236, "test_quality_0.25": 0, "test_quality_0.25/bpp": 0.4440576434135437, "test_quality_0.25/psnr": 17.364815759203097, "test_quality_1": 0, "test_quality_1/bpp": 0.5559871196746826, "test_quality_1/psnr": 18.471870230271744, "test_quality_1.5": 0, "test_quality_1.5/bpp": 0.6123994588851929, "test_quality_1.5/psnr": 18.772251250387217, "test_quality_2": 0, "test_quality_2/bpp": 0.6598807573318481, "test_quality_2/psnr": 18.95196071543163, "test_quality_2.5": 0, "test_quality_2.5/bpp": 0.7015501856803894, "test_quality_2.5/psnr": 19.098137939472796, "test_quality_3": 0, "test_quality_3/bpp": 0.7380889654159546, "test_quality_3/psnr": 19.19083847488263, "test_quality_4": 0, "test_quality_4/bpp": 0.8016431331634521, "test_quality_4/psnr": 19.317269871633794, "test_quality_5": 0, "test_quality_5/bpp": 0.8528733253479004, "test_quality_5/psnr": 19.385498377179665, "test_complete": 0, "test_complete/bpp": 0.9704015254974365, "test_complete/psnr": 19.466507831440286, "compression": 0, "compression/rate distorsion trade-off": {"_type": "image-file", "path": "media/images/compression/rate distorsion trade-off_168_04ec08c0132643890bfe.png", "sha256": "04ec08c0132643890bfeb802089399d8b44de286d5aa2dfb4af412b403722cc2", "size": 94320, "format": "png", "width": 1200, "height": 800}, "model": 0, "model/rate distorsion trade-off": {"_type": "image-file", "path": "media/images/model/rate distorsion trade-off_169_de6295dc216f4ddefa99.png", "sha256": "de6295dc216f4ddefa9917fe122f16b6fc14f375b85bc83c01edaa805e9302c5", "size": 95068, "format": "png", "width": 1200, "height": 800}, "train/leaning_rate": 0.0001}